id,estado,nombres,apellidos,identificacion,lugar_expedicion,telefono,celular,correo,tarjeta_profesional,tipo_documento_id_id
1,1,roberto,pruebas,12345,bogota,,23112879,ka@igc.edu.co,432432h,1
3,1,roberto,pruebas,12345,bogota,,23112879,ka@igc.edu.co,432432h,1
4,1,roberto,pruebas,12345,bogota,,23112879,ka@igc.edu.co,432432h,1
5,1,roberto,pruebas,12345,bogota,,23112879,ka@igc.edu.co,432432h,1
6,1,roberto,pruebas,12345,bogota,,23112879,ka@igc.edu.co,432432h,1
7,1,roberto,pruebas,12345,bogota,,23112879,ka@igc.edu.co,432432h,1
8,1,roberto,pruebas,12345,bogota,,23112879,ka@igc.edu.co,432432h,1
9,1,roberto,pruebas,12345,bogota,,23112879,ka@igc.edu.co,432432h,1
10,1,roberto,pruebas,12345,bogota,,23112879,ka@igc.edu.co,432432h,1
11,1,roberto,pruebas,12345,bogota,,23112879,ka@igc.edu.co,432432h,1
12,1,roberto,pruebas,12345,bogota,,23112879,ka@igc.edu.co,432432h,1
13,1,roberto,pruebas,12345,bogota,,23112879,ka@igc.edu.co,432432h,1
14,1,roberto,pruebas,12345,bogota,,23112879,ka@igc.edu.co,432432h,1
15,1,roberto,pruebas,12345,bogota,,23112879,ka@igc.edu.co,432432h,1
16,1,roberto,pruebas,12345,bogota,,23112879,ka@igc.edu.co,432432h,1
17,1,roberto,pruebas,12345,bogota,,23112879,ka@igc.edu.co,432432h,1
18,1,roberto,pruebas,12345,bogota,,23112879,ka@igc.edu.co,432432h,1
19,1,roberto,pruebas,12345,bogota,,23112879,ka@igc.edu.co,432432h,1
20,1,roberto,pruebas,12345,bogota,,23112879,ka@igc.edu.co,432432h,1
21,1,roberto,pruebas,12345,bogota,,23112879,ka@igc.edu.co,432432h,1
22,1,roberto,pruebas,12345,bogota,,23112879,ka@igc.edu.co,432432h,1
23,1,roberto,pruebas,12345,bogota,,23112879,ka@igc.edu.co,432432h,1
24,1,roberto,pruebas,12345,bogota,,23112879,ka@igc.edu.co,432432h,1
25,1,roberto,pruebas,12345,bogota,,23112879,ka@igc.edu.co,432432h,1
26,1,roberto,pruebas,12345,bogota,,23112879,ka@igc.edu.co,432432h,1
27,1,roberto,pruebas,12345,bogota,,23112879,ka@igc.edu.co,432432h,1
28,1,roberto,pruebas,12345,bogota,,23112879,ka@igc.edu.co,432432h,1
29,1,roberto,pruebas,12345,bogota,,23112879,ka@igc.edu.co,432432h,1
30,1,roberto,pruebas,12345,bogota,,23112879,ka@igc.edu.co,432432h,1
31,1,roberto,pruebas,12345,bogota,,23112879,ka@igc.edu.co,432432h,1
32,1,roberto,pruebas,12345,bogota,,23112879,ka@igc.edu.co,432432h,1
33,1,roberto,pruebas,12345,bogota,,23112879,ka@igc.edu.co,432432h,1
34,1,roberto,pruebas,12345,bogota,,23112879,ka@igc.edu.co,432432h,1
35,1,roberto,pruebas,12345,bogota,,23112879,ka@igc.edu.co,432432h,1
36,1,roberto,pruebas,12345,bogota,,23112879,ka@igc.edu.co,432432h,1
37,1,roberto,pruebas,12345,bogota,,23112879,ka@igc.edu.co,432432h,1
38,1,roberto,pruebas,12345,bogota,,23112879,ka@igc.edu.co,432432h,1
39,1,roberto,pruebas,12345,bogota,,23112879,ka@igc.edu.co,432432h,1
40,1,roberto,pruebas,12345,bogota,,23112879,ka@igc.edu.co,432432h,1
41,1,roberto,pruebas,12345,bogota,,23112879,ka@igc.edu.co,432432h,1
42,1,roberto,pruebas,12345,bogota,,23112879,ka@igc.edu.co,432432h,1
43,1,roberto,pruebas,12345,bogota,,23112879,ka@igc.edu.co,432432h,1
44,1,roberto,pruebas,12345,bogota,,23112879,ka@igc.edu.co,432432h,1
45,1,roberto,pruebas,12345,bogota,,23112879,ka@igc.edu.co,432432h,1
46,1,roberto,pruebas,12345,bogota,,23112879,ka@igc.edu.co,432432h,1
47,1,roberto,pruebas,12345,bogota,,23112879,ka@igc.edu.co,432432h,1
48,1,roberto,pruebas,12345,bogota,,23112879,ka@igc.edu.co,432432h,1
49,1,roberto,pruebas,12345,bogota,,23112879,ka@igc.edu.co,432432h,1
50,1,roberto,pruebas,12345,bogota,,23112879,ka@igc.edu.co,432432h,1
51,1,roberto,pruebas,12345,bogota,,23112879,ka@igc.edu.co,432432h,1
52,1,roberto,pruebas,12345,bogota,,23112879,ka@igc.edu.co,432432h,1
53,1,roberto,pruebas,12345,bogota,,23112879,ka@igc.edu.co,432432h,1
54,1,roberto,pruebas,12345,bogota,,23112879,ka@igc.edu.co,432432h,1
55,1,roberto,pruebas,12345,bogota,,23112879,ka@igc.edu.co,432432h,1
56,1,roberto,pruebas,12345,bogota,,23112879,ka@igc.edu.co,432432h,1
57,1,roberto,pruebas,12345,bogota,,23112879,ka@igc.edu.co,432432h,1
58,1,roberto,pruebas,12345,bogota,,23112879,ka@igc.edu.co,432432h,1
59,1,roberto,pruebas,12345,bogota,,23112879,ka@igc.edu.co,432432h,1
60,1,roberto,pruebas,12345,bogota,,23112879,ka@igc.edu.co,432432h,1
61,1,roberto,pruebas,12345,bogota,,23112879,ka@igc.edu.co,432432h,1
62,1,roberto,pruebas,12345,bogota,,23112879,ka@igc.edu.co,432432h,1
63,1,roberto,pruebas,12345,bogota,,23112879,ka@igc.edu.co,432432h,1
64,1,roberto,pruebas,12345,bogota,,23112879,ka@igc.edu.co,432432h,1
65,1,roberto,pruebas,12345,bogota,,23112879,ka@igc.edu.co,432432h,1
66,1,roberto,pruebas,12345,bogota,,23112879,ka@igc.edu.co,432432h,1
67,1,roberto,pruebas,12345,bogota,,23112879,ka@igc.edu.co,432432h,1
68,1,roberto,pruebas,12345,bogota,,23112879,ka@igc.edu.co,432432h,1
69,1,roberto,pruebas,12345,bogota,,23112879,ka@igc.edu.co,432432h,1
70,1,roberto,pruebas,12345,bogota,,23112879,ka@igc.edu.co,432432h,1
71,1,roberto,pruebas,12345,bogota,,23112879,ka@igc.edu.co,432432h,1
72,1,roberto,pruebas,12345,bogota,,23112879,ka@igc.edu.co,432432h,1
73,1,roberto,pruebas,12345,bogota,,23112879,ka@igc.edu.co,432432h,1
74,1,roberto,pruebas,12345,bogota,,23112879,ka@igc.edu.co,432432h,1
75,1,roberto,pruebas,12345,bogota,,23112879,ka@igc.edu.co,432432h,1
76,1,roberto,pruebas,12345,bogota,,23112879,ka@igc.edu.co,432432h,1
77,1,roberto,pruebas,12345,bogota,,23112879,ka@igc.edu.co,432432h,1
78,1,roberto,pruebas,12345,bogota,,23112879,ka@igc.edu.co,432432h,1
79,1,roberto,pruebas,12345,bogota,,23112879,ka@igc.edu.co,432432h,1
80,1,roberto,pruebas,12345,bogota,,23112879,ka@igc.edu.co,432432h,1
81,1,roberto,pruebas,12345,bogota,,23112879,ka@igc.edu.co,432432h,1
82,1,roberto,pruebas,12345,bogota,,23112879,ka@igc.edu.co,432432h,1
83,1,roberto,pruebas,12345,bogota,,23112879,ka@igc.edu.co,432432h,1
84,1,roberto,pruebas,12345,bogota,,23112879,ka@igc.edu.co,432432h,1
85,1,roberto,pruebas,12345,bogota,,23112879,ka@igc.edu.co,432432h,1
86,1,roberto,pruebas,12345,bogota,,23112879,ka@igc.edu.co,432432h,1
87,1,roberto,pruebas,12345,bogota,,23112879,ka@igc.edu.co,432432h,1
88,1,roberto,pruebas,12345,bogota,,23112879,ka@igc.edu.co,432432h,1
89,1,roberto,pruebas,12345,bogota,,23112879,ka@igc.edu.co,432432h,1
90,1,roberto,pruebas,12345,bogota,,23112879,ka@igc.edu.co,432432h,1
91,1,roberto,pruebas,12345,bogota,,23112879,ka@igc.edu.co,432432h,1
92,1,roberto,pruebas,12345,bogota,,23112879,ka@igc.edu.co,432432h,1
93,1,roberto,pruebas,12345,bogota,,23112879,ka@igc.edu.co,432432h,1
94,1,roberto,pruebas,12345,bogota,,23112879,ka@igc.edu.co,432432h,1
95,1,roberto,pruebas,12345,bogota,,23112879,ka@igc.edu.co,432432h,1
96,1,roberto,pruebas,12345,bogota,,23112879,ka@igc.edu.co,432432h,1
97,1,roberto,pruebas,12345,bogota,,23112879,ka@igc.edu.co,432432h,1
98,1,roberto,pruebas,12345,bogota,,23112879,ka@igc.edu.co,432432h,1
99,1,roberto,pruebas,12345,bogota,,23112879,ka@igc.edu.co,432432h,1
100,1,roberto,pruebas,12345,bogota,,23112879,ka@igc.edu.co,432432h,1
101,1,roberto,pruebas,12345,bogota,,23112879,ka@igc.edu.co,432432h,1
102,1,roberto,pruebas,12345,bogota,,23112879,ka@igc.edu.co,432432h,1
103,1,roberto,pruebas,12345,bogota,,23112879,ka@igc.edu.co,432432h,1
104,1,roberto,pruebas,12345,bogota,,23112879,ka@igc.edu.co,432432h,1
105,1,roberto,pruebas,12345,bogota,,23112879,ka@igc.edu.co,432432h,1
106,1,roberto,pruebas,12345,bogota,,23112879,ka@igc.edu.co,432432h,1
107,1,roberto,pruebas,12345,bogota,,23112879,ka@igc.edu.co,432432h,1
108,1,roberto,pruebas,12345,bogota,,23112879,ka@igc.edu.co,432432h,1
109,1,roberto,pruebas,12345,bogota,,23112879,ka@igc.edu.co,432432h,1
110,1,roberto,pruebas,12345,bogota,,23112879,ka@igc.edu.co,432432h,1
111,1,roberto,pruebas,12345,bogota,,23112879,ka@igc.edu.co,432432h,1
112,1,roberto,pruebas,12345,bogota,,23112879,ka@igc.edu.co,432432h,1
113,1,roberto,pruebas,12345,bogota,,23112879,ka@igc.edu.co,432432h,1
114,1,roberto,pruebas,12345,bogota,,23112879,ka@igc.edu.co,432432h,1
115,1,roberto,pruebas,12345,bogota,,23112879,ka@igc.edu.co,432432h,1
116,1,roberto,pruebas,12345,bogota,,23112879,ka@igc.edu.co,432432h,1
117,1,roberto,pruebas,12345,bogota,,23112879,ka@igc.edu.co,432432h,1
118,1,roberto,pruebas,12345,bogota,,23112879,ka@igc.edu.co,432432h,1
119,1,roberto,pruebas,12345,bogota,,23112879,ka@igc.edu.co,432432h,1
120,1,roberto,pruebas,12345,bogota,,23112879,ka@igc.edu.co,432432h,1
121,1,roberto,pruebas,12345,bogota,,23112879,ka@igc.edu.co,432432h,1
122,1,roberto,pruebas,12345,bogota,,23112879,ka@igc.edu.co,432432h,1
123,1,roberto,pruebas,12345,bogota,,23112879,ka@igc.edu.co,432432h,1
124,1,roberto,pruebas,12345,bogota,,23112879,ka@igc.edu.co,432432h,1
125,1,roberto,pruebas,12345,bogota,,23112879,ka@igc.edu.co,432432h,1
126,1,roberto,pruebas,12345,bogota,,23112879,ka@igc.edu.co,432432h,1
127,1,roberto,pruebas,12345,bogota,,23112879,ka@igc.edu.co,432432h,1
128,1,roberto,pruebas,12345,bogota,,23112879,ka@igc.edu.co,432432h,1
129,1,roberto,pruebas,12345,bogota,,23112879,ka@igc.edu.co,432432h,1
130,1,roberto,pruebas,12345,bogota,,23112879,ka@igc.edu.co,432432h,1
131,1,roberto,pruebas,12345,bogota,,23112879,ka@igc.edu.co,432432h,1
132,1,roberto,pruebas,12345,bogota,,23112879,ka@igc.edu.co,432432h,1
133,1,roberto,pruebas,12345,bogota,,23112879,ka@igc.edu.co,432432h,1
134,1,roberto,pruebas,12345,bogota,,23112879,ka@igc.edu.co,432432h,1
135,1,roberto,pruebas,12345,bogota,,23112879,ka@igc.edu.co,432432h,1
136,1,roberto,pruebas,12345,bogota,,23112879,ka@igc.edu.co,432432h,1
137,1,roberto,pruebas,12345,bogota,,23112879,ka@igc.edu.co,432432h,1
138,1,roberto,pruebas,12345,bogota,,23112879,ka@igc.edu.co,432432h,1
139,1,roberto,pruebas,12345,bogota,,23112879,ka@igc.edu.co,432432h,1
140,1,roberto,pruebas,12345,bogota,,23112879,ka@igc.edu.co,432432h,1
141,1,roberto,pruebas,12345,bogota,,23112879,ka@igc.edu.co,432432h,1
142,1,roberto,pruebas,12345,bogota,,23112879,ka@igc.edu.co,432432h,1
143,1,roberto,pruebas,12345,bogota,,23112879,ka@igc.edu.co,432432h,1
144,1,roberto,pruebas,12345,bogota,,23112879,ka@igc.edu.co,432432h,1
145,1,roberto,pruebas,12345,bogota,,23112879,ka@igc.edu.co,432432h,1
146,1,roberto,pruebas,12345,bogota,,23112879,ka@igc.edu.co,432432h,1
147,1,roberto,pruebas,12345,bogota,,23112879,ka@igc.edu.co,432432h,1
148,1,roberto,pruebas,12345,bogota,,23112879,ka@igc.edu.co,432432h,1
149,1,roberto,pruebas,12345,bogota,,23112879,ka@igc.edu.co,432432h,1
150,1,roberto,pruebas,12345,bogota,,23112879,ka@igc.edu.co,432432h,1
151,1,roberto,pruebas,12345,bogota,,23112879,ka@igc.edu.co,432432h,1
152,1,roberto,pruebas,12345,bogota,,23112879,ka@igc.edu.co,432432h,1
153,1,roberto,pruebas,12345,bogota,,23112879,ka@igc.edu.co,432432h,1
154,1,roberto,pruebas,12345,bogota,,23112879,ka@igc.edu.co,432432h,1
155,1,roberto,pruebas,12345,bogota,,23112879,ka@igc.edu.co,432432h,1
156,1,roberto,pruebas,12345,bogota,,23112879,ka@igc.edu.co,432432h,1
157,1,roberto,pruebas,12345,bogota,,23112879,ka@igc.edu.co,432432h,1
158,1,roberto,pruebas,12345,bogota,,23112879,ka@igc.edu.co,432432h,1
159,1,roberto,pruebas,12345,bogota,,23112879,ka@igc.edu.co,432432h,1
160,1,roberto,pruebas,12345,bogota,,23112879,ka@igc.edu.co,432432h,1
161,1,roberto,pruebas,12345,bogota,,23112879,ka@igc.edu.co,432432h,1
162,1,roberto,pruebas,12345,bogota,,23112879,ka@igc.edu.co,432432h,1
163,1,roberto,pruebas,12345,bogota,,23112879,ka@igc.edu.co,432432h,1
164,1,roberto,pruebas,12345,bogota,,23112879,ka@igc.edu.co,432432h,1
165,1,roberto,pruebas,12345,bogota,,23112879,ka@igc.edu.co,432432h,1
166,1,roberto,pruebas,12345,bogota,,23112879,ka@igc.edu.co,432432h,1
167,1,roberto,pruebas,12345,bogota,,23112879,ka@igc.edu.co,432432h,1
168,1,roberto,pruebas,12345,bogota,,23112879,ka@igc.edu.co,432432h,1
169,1,roberto,pruebas,12345,bogota,,23112879,ka@igc.edu.co,432432h,1
170,1,roberto,pruebas,12345,bogota,,23112879,ka@igc.edu.co,432432h,1
171,1,roberto,pruebas,12345,bogota,,23112879,ka@igc.edu.co,432432h,1
172,1,roberto,pruebas,12345,bogota,,23112879,ka@igc.edu.co,432432h,1
173,1,roberto,pruebas,12345,bogota,,23112879,ka@igc.edu.co,432432h,1
174,1,roberto,pruebas,12345,bogota,,23112879,ka@igc.edu.co,432432h,1
175,1,roberto,pruebas,12345,bogota,,23112879,ka@igc.edu.co,432432h,1
176,1,roberto,pruebas,12345,bogota,,23112879,ka@igc.edu.co,432432h,1
177,1,roberto,pruebas,12345,bogota,,23112879,ka@igc.edu.co,432432h,1
178,1,roberto,pruebas,12345,bogota,,23112879,ka@igc.edu.co,432432h,1
179,1,roberto,pruebas,12345,bogota,,23112879,ka@igc.edu.co,432432h,1
180,1,roberto,pruebas,12345,bogota,,23112879,ka@igc.edu.co,432432h,1
181,1,roberto,pruebas,12345,bogota,,23112879,ka@igc.edu.co,432432h,1
182,1,roberto,pruebas,12345,bogota,,23112879,ka@igc.edu.co,432432h,1
183,1,roberto,pruebas,12345,bogota,,23112879,ka@igc.edu.co,432432h,1
184,1,roberto,pruebas,12345,bogota,,23112879,ka@igc.edu.co,432432h,1
185,1,roberto,pruebas,12345,bogota,,23112879,ka@igc.edu.co,432432h,1
186,1,roberto,pruebas,12345,bogota,,23112879,ka@igc.edu.co,432432h,1
187,1,roberto,pruebas,12345,bogota,,23112879,ka@igc.edu.co,432432h,1
188,1,roberto,pruebas,12345,bogota,,23112879,ka@igc.edu.co,432432h,1
189,1,roberto,pruebas,12345,bogota,,23112879,ka@igc.edu.co,432432h,1
190,1,roberto,pruebas,12345,bogota,,23112879,ka@igc.edu.co,432432h,1
191,1,roberto,pruebas,12345,bogota,,23112879,ka@igc.edu.co,432432h,1
192,1,roberto,pruebas,12345,bogota,,23112879,ka@igc.edu.co,432432h,1
193,1,roberto,pruebas,12345,bogota,,23112879,ka@igc.edu.co,432432h,1
194,1,roberto,pruebas,12345,bogota,,23112879,ka@igc.edu.co,432432h,1
195,1,roberto,pruebas,12345,bogota,,23112879,ka@igc.edu.co,432432h,1
196,1,roberto,pruebas,12345,bogota,,23112879,ka@igc.edu.co,432432h,1
197,1,roberto,pruebas,12345,bogota,,23112879,ka@igc.edu.co,432432h,1
198,1,roberto,pruebas,12345,bogota,,23112879,ka@igc.edu.co,432432h,1
199,1,roberto,pruebas,12345,bogota,,23112879,ka@igc.edu.co,432432h,1
200,1,roberto,pruebas,12345,bogota,,23112879,ka@igc.edu.co,432432h,1
201,1,roberto,pruebas,12345,bogota,,23112879,ka@igc.edu.co,432432h,1
202,1,roberto,pruebas,12345,bogota,,23112879,ka@igc.edu.co,432432h,1
203,1,roberto,pruebas,12345,bogota,,23112879,ka@igc.edu.co,432432h,1
204,1,roberto,pruebas,12345,bogota,,23112879,ka@igc.edu.co,432432h,1
205,1,roberto,pruebas,12345,bogota,,23112879,ka@igc.edu.co,432432h,1
206,1,roberto,pruebas,12345,bogota,,23112879,ka@igc.edu.co,432432h,1
207,1,roberto,pruebas,12345,bogota,,23112879,ka@igc.edu.co,432432h,1
208,1,roberto,pruebas,12345,bogota,,23112879,ka@igc.edu.co,432432h,1
209,1,roberto,pruebas,12345,bogota,,23112879,ka@igc.edu.co,432432h,1
210,1,roberto,pruebas,12345,bogota,,23112879,ka@igc.edu.co,432432h,1
211,1,roberto,pruebas,12345,bogota,,23112879,ka@igc.edu.co,432432h,1
212,1,roberto,pruebas,12345,bogota,,23112879,ka@igc.edu.co,432432h,1
213,1,roberto,pruebas,12345,bogota,,23112879,ka@igc.edu.co,432432h,1
214,1,roberto,pruebas,12345,bogota,,23112879,ka@igc.edu.co,432432h,1
215,1,roberto,pruebas,12345,bogota,,23112879,ka@igc.edu.co,432432h,1
216,1,roberto,pruebas,12345,bogota,,23112879,ka@igc.edu.co,432432h,1
217,1,roberto,pruebas,12345,bogota,,23112879,ka@igc.edu.co,432432h,1
218,1,roberto,pruebas,12345,bogota,,23112879,ka@igc.edu.co,432432h,1
219,1,roberto,pruebas,12345,bogota,,23112879,ka@igc.edu.co,432432h,1
220,1,roberto,pruebas,12345,bogota,,23112879,ka@igc.edu.co,432432h,1
221,1,roberto,pruebas,12345,bogota,,23112879,ka@igc.edu.co,432432h,1
222,1,roberto,pruebas,12345,bogota,,23112879,ka@igc.edu.co,432432h,1
223,1,roberto,pruebas,12345,bogota,,23112879,ka@igc.edu.co,432432h,1
224,1,roberto,pruebas,12345,bogota,,23112879,ka@igc.edu.co,432432h,1
225,1,roberto,pruebas,12345,bogota,,23112879,ka@igc.edu.co,432432h,1
226,1,roberto,pruebas,12345,bogota,,23112879,ka@igc.edu.co,432432h,1
227,1,roberto,pruebas,12345,bogota,,23112879,ka@igc.edu.co,432432h,1
228,1,roberto,pruebas,12345,bogota,,23112879,ka@igc.edu.co,432432h,1
229,1,roberto,pruebas,12345,bogota,,23112879,ka@igc.edu.co,432432h,1
230,1,roberto,pruebas,12345,bogota,,23112879,ka@igc.edu.co,432432h,1
231,1,roberto,pruebas,12345,bogota,,23112879,ka@igc.edu.co,432432h,1
232,1,roberto,pruebas,12345,bogota,,23112879,ka@igc.edu.co,432432h,1
233,1,roberto,pruebas,12345,bogota,,23112879,ka@igc.edu.co,432432h,1
234,1,roberto,pruebas,12345,bogota,,23112879,ka@igc.edu.co,432432h,1
235,1,roberto,pruebas,12345,bogota,,23112879,ka@igc.edu.co,432432h,1
236,1,roberto,pruebas,12345,bogota,,23112879,ka@igc.edu.co,432432h,1
237,1,roberto,pruebas,12345,bogota,,23112879,ka@igc.edu.co,432432h,1
238,1,roberto,pruebas,12345,bogota,,23112879,ka@igc.edu.co,432432h,1
239,1,roberto,pruebas,12345,bogota,,23112879,ka@igc.edu.co,432432h,1
240,1,roberto,pruebas,12345,bogota,,23112879,ka@igc.edu.co,432432,1
241,1,roberto,pruebas,12345,bogota,,23112879,ka@igc.edu.co,432432h,1
242,1,roberto,pruebas,12345,bogota,,23112879,ka@igc.edu.co,432432h,1
243,1,roberto,pruebas,12345,bogota,,23112879,ka@igc.edu.co,432432h,1
244,1,roberto,pruebas,12345,bogota,,23112879,ka@igc.edu.co,432432h,1
245,1,roberto,pruebas,12345,bogota,,23112879,ka@igc.edu.co,432432h,1
246,1,roberto,pruebas,12345,bogota,,23112879,ka@igc.edu.co,432432h,1
247,1,roberto,pruebas,12345,bogota,,23112879,ka@igc.edu.co,432432h,1
248,1,roberto,pruebas,12345,bogota,,23112879,ka@igc.edu.co,432432h,1
249,1,roberto,pruebas,12345,bogota,,23112879,ka@igc.edu.co,432432h,1
250,1,roberto,pruebas,12345,bogota,,23112879,ka@igc.edu.co,432432h,1
251,1,roberto,pruebas,12345,bogota,,23112879,ka@igc.edu.co,432432h,1
252,1,roberto,pruebas,12345,bogota,,23112879,ka@igc.edu.co,432432h,1
253,1,roberto,pruebas,12345,bogota,,23112879,ka@igc.edu.co,432432h,1
254,1,roberto,pruebas,12345,bogota,,23112879,ka@igc.edu.co,432432h,1
255,1,roberto,pruebas,12345,bogota,,23112879,ka@igc.edu.co,432432h,1
256,1,roberto,pruebas,12345,bogota,,23112879,ka@igc.edu.co,432432h,1
257,1,roberto,pruebas,12345,bogota,,23112879,ka@igc.edu.co,432432h,1
258,1,roberto,pruebas,12345,bogota,,23112879,ka@igc.edu.co,432432h,1
259,1,roberto,pruebas,12345,bogota,,23112879,ka@igc.edu.co,432432h,1
260,1,roberto,pruebas,12345,bogota,,23112879,ka@igc.edu.co,432432h,1
261,1,roberto,pruebas,12345,bogota,,23112879,ka@igc.edu.co,432432h,1
262,1,roberto,pruebas,12345,bogota,,23112879,ka@igc.edu.co,432432h,1
263,1,roberto,pruebas,12345,bogota,,23112879,ka@igc.edu.co,432432h,1
264,1,roberto,pruebas,12345,bogota,,23112879,ka@igc.edu.co,432432h,1
265,1,roberto,pruebas,12345,bogota,,23112879,ka@igc.edu.co,432432h,1
266,1,roberto,pruebas,12345,bogota,,23112879,ka@igc.edu.co,432432h,1
267,1,roberto,pruebas,12345,bogota,,23112879,ka@igc.edu.co,432432h,1
268,1,roberto,pruebas,12345,bogota,,23112879,ka@igc.edu.co,432432h,1
269,1,roberto,pruebas,12345,bogota,,23112879,ka@igc.edu.co,432432h,1
270,1,roberto,pruebas,12345,bogota,,23112879,ka@igc.edu.co,432432h,1
271,1,roberto,pruebas,12345,bogota,,23112879,ka@igc.edu.co,432432h,1
272,1,roberto,pruebas,12345,bogota,,23112879,ka@igc.edu.co,432432h,1
273,1,roberto,pruebas,12345,bogota,,23112879,ka@igc.edu.co,432432h,1
274,1,roberto,pruebas,12345,bogota,,23112879,ka@igc.edu.co,432432h,1
275,1,roberto,pruebas,12345,bogota,,23112879,ka@igc.edu.co,432432h,1
276,1,roberto,pruebas,12345,bogota,,23112879,ka@igc.edu.co,432432h,1
277,1,roberto,pruebas,12345,bogota,,23112879,ka@igc.edu.co,432432h,1
278,1,roberto,pruebas,12345,bogota,,23112879,ka@igc.edu.co,432432h,1
279,1,roberto,pruebas,12345,bogota,,23112879,ka@igc.edu.co,432432h,1
280,1,roberto,pruebas,12345,bogota,,23112879,ka@igc.edu.co,432432h,1
281,1,roberto,pruebas,12345,bogota,,23112879,ka@igc.edu.co,432432h,1
282,1,roberto,pruebas,12345,bogota,,23112879,ka@igc.edu.co,432432h,1
283,1,roberto,pruebas,12345,bogota,,23112879,ka@igc.edu.co,432432h,1
284,1,roberto,pruebas,12345,bogota,,23112879,ka@igc.edu.co,432432h,1
285,1,roberto,pruebas,12345,bogota,,23112879,ka@igc.edu.co,432432h,1
286,1,roberto,pruebas,12345,bogota,,23112879,ka@igc.edu.co,432432h,1
287,1,roberto,pruebas,12345,bogota,,23112879,ka@igc.edu.co,432432h,1
288,1,roberto,pruebas,12345,bogota,,23112879,ka@igc.edu.co,432432h,1
289,1,roberto,pruebas,12345,bogota,,23112879,ka@igc.edu.co,432432h,1
290,1,roberto,pruebas,12345,bogota,,23112879,ka@igc.edu.co,432432h,1
291,1,roberto,pruebas,12345,bogota,,23112879,ka@igc.edu.co,432432h,1
292,1,roberto,pruebas,12345,bogota,,23112879,ka@igc.edu.co,432432h,1
293,1,roberto,pruebas,12345,bogota,,23112879,ka@igc.edu.co,432432h,1
294,1,roberto,pruebas,12345,bogota,,23112879,ka@igc.edu.co,432432h,1
295,1,roberto,pruebas,12345,bogota,,23112879,ka@igc.edu.co,432432h,1
296,1,roberto,pruebas,12345,bogota,,23112879,ka@igc.edu.co,432432h,1
297,1,roberto,pruebas,12345,bogota,,23112879,ka@igc.edu.co,432432h,1
298,1,roberto,pruebas,12345,bogota,,23112879,ka@igc.edu.co,432432h,1
299,1,roberto,pruebas,12345,bogota,,23112879,ka@igc.edu.co,432432h,1
300,1,roberto,pruebas,12345,bogota,,23112879,ka@igc.edu.co,432432h,1
301,1,roberto,pruebas,12345,bogota,,23112879,ka@igc.edu.co,432432h,1
302,1,roberto,pruebas,12345,bogota,,23112879,ka@igc.edu.co,432432h,1
303,1,roberto,pruebas,12345,bogota,,23112879,ka@igc.edu.co,432432h,1
304,1,roberto,pruebas,12345,bogota,,23112879,ka@igc.edu.co,432432h,1
305,1,roberto,pruebas,12345,bogota,,23112879,ka@igc.edu.co,432432h,1
306,1,roberto,pruebas,12345,bogota,,23112879,ka@igc.edu.co,432432h,1
307,1,roberto,pruebas,12345,bogota,,23112879,ka@igc.edu.co,432432h,1
308,1,roberto,pruebas,12345,bogota,,23112879,ka@igc.edu.co,432432h,1
309,1,roberto,pruebas,12345,bogota,,23112879,ka@igc.edu.co,432432h,1
310,1,roberto,pruebas,12345,bogota,,23112879,ka@igc.edu.co,432432h,1
311,1,roberto,pruebas,12345,bogota,,23112879,ka@igc.edu.co,432432h,1
312,1,roberto,pruebas,12345,bogota,,23112879,ka@igc.edu.co,432432h,1
313,1,roberto,pruebas,12345,bogota,,23112879,ka@igc.edu.co,432432h,1
314,1,roberto,pruebas,12345,bogota,,23112879,ka@igc.edu.co,432432h,1
315,1,roberto,pruebas,12345,bogota,,23112879,ka@igc.edu.co,432432h,1
316,1,roberto,pruebas,12345,bogota,,23112879,ka@igc.edu.co,432432h,1
317,1,roberto,pruebas,12345,bogota,,23112879,ka@igc.edu.co,432432h,1
318,1,roberto,pruebas,12345,bogota,,23112879,ka@igc.edu.co,432432h,1
319,1,roberto,pruebas,12345,bogota,,23112879,ka@igc.edu.co,432432h,1
320,1,roberto,pruebas,12345,bogota,,23112879,ka@igc.edu.co,432432h,1
321,1,roberto,pruebas,12345,bogota,,23112879,ka@igc.edu.co,432432h,1
322,1,roberto,pruebas,12345,bogota,,23112879,ka@igc.edu.co,432432h,1
323,1,roberto,pruebas,12345,bogota,,23112879,ka@igc.edu.co,432432h,1
324,1,roberto,pruebas,12345,bogota,,23112879,ka@igc.edu.co,432432h,1
325,1,roberto,pruebas,12345,bogota,,23112879,ka@igc.edu.co,432432h,1
326,1,roberto,pruebas,12345,bogota,,23112879,ka@igc.edu.co,432432h,1
327,1,roberto,pruebas,12345,bogota,,23112879,ka@igc.edu.co,432432h,1
328,1,roberto,pruebas,12345,bogota,,23112879,ka@igc.edu.co,432432h,1
329,1,roberto,pruebas,12345,bogota,,23112879,ka@igc.edu.co,432432h,1
330,1,roberto,pruebas,12345,bogota,,23112879,ka@igc.edu.co,432432h,1
331,1,roberto,pruebas,12345,bogota,,23112879,ka@igc.edu.co,432432h,1
332,1,roberto,pruebas,12345,bogota,,23112879,ka@igc.edu.co,432432h,1
333,1,roberto,pruebas,12345,bogota,,23112879,ka@igc.edu.co,432432h,1
334,1,roberto,pruebas,12345,bogota,,23112879,ka@igc.edu.co,432432h,1
335,1,roberto,pruebas,12345,bogota,,23112879,ka@igc.edu.co,432432h,1
336,1,roberto,pruebas,12345,bogota,,23112879,ka@igc.edu.co,432432h,1
337,1,roberto,pruebas,12345,bogota,,23112879,ka@igc.edu.co,432432h,1
338,1,roberto,pruebas,12345,bogota,,23112879,ka@igc.edu.co,432432h,1
339,1,roberto,pruebas,12345,bogota,,23112879,ka@igc.edu.co,432432h,1
340,1,roberto,pruebas,12345,bogota,,23112879,ka@igc.edu.co,432432h,1
341,1,roberto,pruebas,12345,bogota,,23112879,ka@igc.edu.co,432432h,1
342,1,roberto,pruebas,12345,bogota,,23112879,ka@igc.edu.co,432432h,1
343,1,roberto,pruebas,12345,bogota,,23112879,ka@igc.edu.co,432432h,1
344,1,roberto,pruebas,12345,bogota,,23112879,ka@igc.edu.co,432432h,1
345,1,roberto,pruebas,12345,bogota,,23112879,ka@igc.edu.co,432432h,1
346,1,roberto,pruebas,12345,bogota,,23112879,ka@igc.edu.co,432432h,1
347,1,roberto,pruebas,12345,bogota,,23112879,ka@igc.edu.co,432432h,1
348,1,roberto,pruebas,12345,bogota,,23112879,ka@igc.edu.co,432432h,1
349,1,roberto,pruebas,12345,bogota,,23112879,ka@igc.edu.co,432432h,1
350,1,roberto,pruebas,12345,bogota,,23112879,ka@igc.edu.co,432432h,1
351,1,roberto,pruebas,12345,bogota,,23112879,ka@igc.edu.co,432432h,1
352,1,roberto,pruebas,12345,bogota,,23112879,ka@igc.edu.co,432432h,1
353,1,roberto,pruebas,12345,bogota,,23112879,ka@igc.edu.co,432432h,1
354,1,roberto,pruebas,12345,bogota,,23112879,ka@igc.edu.co,432432h,1
355,1,roberto,pruebas,12345,bogota,,23112879,ka@igc.edu.co,432432h,1
356,1,roberto,pruebas,12345,bogota,,23112879,ka@igc.edu.co,432432h,1
357,1,roberto,pruebas,12345,bogota,,23112879,ka@igc.edu.co,432432h,1
358,1,roberto,pruebas,12345,bogota,,23112879,ka@igc.edu.co,432432h,1
359,1,roberto,pruebas,12345,bogota,,23112879,ka@igc.edu.co,432432h,1
360,1,roberto,pruebas,12345,bogota,,23112879,ka@igc.edu.co,432432h,1
361,1,roberto,pruebas,12345,bogota,,23112879,ka@igc.edu.co,432432h,1
362,1,roberto,pruebas,12345,bogota,,23112879,ka@igc.edu.co,432432h,1
363,1,roberto,pruebas,12345,bogota,,23112879,ka@igc.edu.co,432432h,1
364,1,roberto,pruebas,12345,bogota,,23112879,ka@igc.edu.co,432432h,1
365,1,roberto,pruebas,12345,bogota,,23112879,ka@igc.edu.co,432432h,1
366,1,roberto,pruebas,12345,bogota,,23112879,ka@igc.edu.co,432432h,1
367,1,roberto,pruebas,12345,bogota,,23112879,ka@igc.edu.co,432432h,1
368,1,roberto,pruebas,12345,bogota,,23112879,ka@igc.edu.co,432432h,1
369,1,roberto,pruebas,12345,bogota,,23112879,ka@igc.edu.co,432432h,1
370,1,roberto,pruebas,12345,bogota,,23112879,ka@igc.edu.co,432432h,1
371,1,roberto,pruebas,12345,bogota,,23112879,ka@igc.edu.co,432432h,1
372,1,roberto,pruebas,12345,bogota,,23112879,ka@igc.edu.co,432432h,1
373,1,roberto,pruebas,12345,bogota,,23112879,ka@igc.edu.co,432432h,1
374,1,roberto,pruebas,12345,bogota,,23112879,ka@igc.edu.co,432432h,1
375,1,roberto,pruebas,12345,bogota,,23112879,ka@igc.edu.co,432432h,1
376,1,roberto,pruebas,12345,bogota,,23112879,ka@igc.edu.co,432432h,1
377,1,roberto,pruebas,12345,bogota,,23112879,ka@igc.edu.co,432432h,1
378,1,roberto,pruebas,12345,bogota,,23112879,ka@igc.edu.co,432432h,1
379,1,roberto,pruebas,12345,bogota,,23112879,ka@igc.edu.co,432432h,1
380,1,roberto,pruebas,12345,bogota,,23112879,ka@igc.edu.co,432432h,1
381,1,roberto,pruebas,12345,bogota,,23112879,ka@igc.edu.co,432432h,1
382,1,roberto,pruebas,12345,bogota,,23112879,ka@igc.edu.co,432432h,1
383,1,roberto,pruebas,12345,bogota,,23112879,ka@igc.edu.co,432432h,1
384,1,roberto,pruebas,12345,bogota,,23112879,ka@igc.edu.co,432432h,1
385,1,roberto,pruebas,12345,bogota,,23112879,ka@igc.edu.co,432432h,1
386,1,roberto,pruebas,12345,bogota,,23112879,ka@igc.edu.co,432432h,1
387,1,roberto,pruebas,12345,bogota,,23112879,ka@igc.edu.co,432432h,1
388,1,roberto,pruebas,12345,bogota,,23112879,ka@igc.edu.co,432432h,1
389,1,roberto,pruebas,12345,bogota,,23112879,ka@igc.edu.co,432432h,1
390,1,roberto,pruebas,12345,bogota,,23112879,ka@igc.edu.co,432432h,1
391,1,roberto,pruebas,12345,bogota,,23112879,ka@igc.edu.co,432432h,1
392,1,roberto,pruebas,12345,bogota,,23112879,ka@igc.edu.co,432432h,1
393,1,roberto,pruebas,12345,bogota,,23112879,ka@igc.edu.co,432432h,1
394,1,roberto,pruebas,12345,bogota,,23112879,ka@igc.edu.co,432432h,1
395,1,roberto,pruebas,12345,bogota,,23112879,ka@igc.edu.co,432432h,1
396,1,roberto,pruebas,12345,bogota,,23112879,ka@igc.edu.co,432432h,1
397,1,roberto,pruebas,12345,bogota,,23112879,ka@igc.edu.co,432432h,1
398,1,roberto,pruebas,12345,bogota,,23112879,ka@igc.edu.co,432432h,1
399,1,roberto,pruebas,12345,bogota,,23112879,ka@igc.edu.co,432432h,1
400,1,roberto,pruebas,12345,bogota,,23112879,ka@igc.edu.co,432432h,1
401,1,roberto,pruebas,12345,bogota,,23112879,ka@igc.edu.co,432432h,1
402,1,roberto,pruebas,12345,bogota,,23112879,ka@igc.edu.co,432432h,1
403,1,roberto,pruebas,12345,bogota,,23112879,ka@igc.edu.co,432432h,1
404,1,roberto,pruebas,12345,bogota,,23112879,ka@igc.edu.co,432432h,1
405,1,roberto,pruebas,12345,bogota,,23112879,ka@igc.edu.co,432432h,1
406,1,roberto,pruebas,12345,bogota,,23112879,ka@igc.edu.co,432432h,1
407,1,roberto,pruebas,12345,bogota,,23112879,ka@igc.edu.co,432432h,1
408,1,roberto,pruebas,12345,bogota,,23112879,ka@igc.edu.co,432432h,1
409,1,roberto,pruebas,12345,bogota,,23112879,ka@igc.edu.co,432432h,1
410,1,roberto,pruebas,12345,bogota,,23112879,ka@igc.edu.co,432432h,1
411,1,roberto,pruebas,12345,bogota,,23112879,ka@igc.edu.co,432432h,1
412,1,roberto,pruebas,12345,bogota,,23112879,ka@igc.edu.co,432432h,1
413,1,roberto,pruebas,12345,bogota,,23112879,ka@igc.edu.co,432432h,1
414,1,roberto,pruebas,12345,bogota,,23112879,ka@igc.edu.co,432432h,1
415,1,roberto,pruebas,12345,bogota,,23112879,ka@igc.edu.co,432432h,1
416,1,roberto,pruebas,12345,bogota,,23112879,ka@igc.edu.co,432432h,1
417,1,roberto,pruebas,12345,bogota,,23112879,ka@igc.edu.co,432432h,1
418,1,roberto,pruebas,12345,bogota,,23112879,ka@igc.edu.co,432432h,1
419,1,roberto,pruebas,12345,bogota,,23112879,ka@igc.edu.co,432432h,1
420,1,roberto,pruebas,12345,bogota,,23112879,ka@igc.edu.co,432432h,1
421,1,roberto,pruebas,12345,bogota,,23112879,ka@igc.edu.co,432432h,1
422,1,roberto,pruebas,12345,bogota,,23112879,ka@igc.edu.co,432432h,1
423,1,roberto,pruebas,12345,bogota,,23112879,ka@igc.edu.co,432432h,1
424,1,roberto,pruebas,12345,bogota,,23112879,ka@igc.edu.co,432432h,1
425,1,roberto,pruebas,12345,bogota,,23112879,ka@igc.edu.co,432432h,1
426,1,roberto,pruebas,12345,bogota,,23112879,ka@igc.edu.co,432432h,1
427,1,roberto,pruebas,12345,bogota,,23112879,ka@igc.edu.co,432432h,1
428,1,roberto,pruebas,12345,bogota,,23112879,ka@igc.edu.co,432432h,1
429,1,roberto,pruebas,12345,bogota,,23112879,ka@igc.edu.co,432432h,1
430,1,roberto,pruebas,12345,bogota,,23112879,ka@igc.edu.co,432432h,1
431,1,roberto,pruebas,12345,bogota,,23112879,ka@igc.edu.co,432432h,1
432,1,roberto,pruebas,12345,bogota,,23112879,ka@igc.edu.co,432432h,1
433,1,roberto,pruebas,12345,bogota,,23112879,ka@igc.edu.co,432432h,1
434,1,roberto,pruebas,12345,bogota,,23112879,ka@igc.edu.co,432432h,1
435,1,roberto,pruebas,12345,bogota,,23112879,ka@igc.edu.co,432432h,1
436,1,roberto,pruebas,12345,bogota,,23112879,ka@igc.edu.co,432432h,1
437,1,roberto,pruebas,12345,bogota,,23112879,ka@igc.edu.co,432432h,1
438,1,roberto,pruebas,12345,bogota,,23112879,ka@igc.edu.co,432432h,1
439,1,roberto,pruebas,12345,bogota,,23112879,ka@igc.edu.co,432432h,1
440,1,roberto,pruebas,12345,bogota,,23112879,ka@igc.edu.co,432432h,1
441,1,roberto,pruebas,12345,bogota,,23112879,ka@igc.edu.co,432432h,1
442,1,roberto,pruebas,12345,bogota,,23112879,ka@igc.edu.co,432432h,1
443,1,roberto,pruebas,12345,bogota,,23112879,ka@igc.edu.co,432432h,1
444,1,roberto,pruebas,12345,bogota,,23112879,ka@igc.edu.co,432432h,1
445,1,roberto,pruebas,12345,bogota,,23112879,ka@igc.edu.co,432432h,1
446,1,roberto,pruebas,12345,bogota,,23112879,ka@igc.edu.co,432432h,1
447,1,roberto,pruebas,12345,bogota,,23112879,ka@igc.edu.co,432432h,1
448,1,roberto,pruebas,12345,bogota,,23112879,ka@igc.edu.co,432432h,1
449,1,roberto,pruebas,12345,bogota,,23112879,ka@igc.edu.co,432432h,1
450,1,roberto,pruebas,12345,bogota,,23112879,ka@igc.edu.co,432432h,1
451,1,roberto,pruebas,12345,bogota,,23112879,ka@igc.edu.co,432432h,1
452,1,roberto,pruebas,12345,bogota,,23112879,ka@igc.edu.co,432432h,1
453,1,roberto,pruebas,12345,bogota,,23112879,ka@igc.edu.co,432432h,1
454,1,roberto,pruebas,12345,bogota,,23112879,ka@igc.edu.co,432432h,1
455,1,roberto,pruebas,12345,bogota,,23112879,ka@igc.edu.co,432432h,1
456,1,roberto,pruebas,12345,bogota,,23112879,ka@igc.edu.co,432432h,1
457,1,roberto,pruebas,12345,bogota,,23112879,ka@igc.edu.co,432432h,1
458,1,roberto,pruebas,12345,bogota,,23112879,ka@igc.edu.co,432432h,1
459,1,roberto,pruebas,12345,bogota,,23112879,ka@igc.edu.co,432432h,1
460,1,roberto,pruebas,12345,bogota,,23112879,ka@igc.edu.co,432432h,1
461,1,roberto,pruebas,12345,bogota,,23112879,ka@igc.edu.co,432432h,1
462,1,roberto,pruebas,12345,bogota,,23112879,ka@igc.edu.co,432432h,1
463,1,roberto,pruebas,12345,bogota,,23112879,ka@igc.edu.co,432432h,1
464,1,roberto,pruebas,12345,bogota,,23112879,ka@igc.edu.co,432432h,1
465,1,roberto,pruebas,12345,bogota,,23112879,ka@igc.edu.co,432432h,1
466,1,roberto,pruebas,12345,bogota,,23112879,ka@igc.edu.co,432432h,1
467,1,roberto,pruebas,12345,bogota,,23112879,ka@igc.edu.co,432432h,1
468,1,roberto,pruebas,12345,bogota,,23112879,ka@igc.edu.co,432432h,1
469,1,roberto,pruebas,12345,bogota,,23112879,ka@igc.edu.co,432432h,1
470,1,roberto,pruebas,12345,bogota,,23112879,ka@igc.edu.co,432432h,1
471,1,roberto,pruebas,12345,bogota,,23112879,ka@igc.edu.co,432432h,1
472,1,roberto,pruebas,12345,bogota,,23112879,ka@igc.edu.co,432432h,1
473,1,roberto,pruebas,12345,bogota,,23112879,ka@igc.edu.co,432432h,1
474,1,roberto,pruebas,12345,bogota,,23112879,ka@igc.edu.co,432432h,1
475,1,rober,pruebas,123452,bogota,,23112879,ka@igc.edu.co,432432h,1
476,1,rober,pruebas,123452,bogota,,23112879,ka@igc.edu.co,432432h,1
477,1,rober,pruebas,123452,bogota,,23112879,ka@igc.edu.co,432432h,1
478,0,rober,pruebas,123452,bogota,,23112879,ka@igc.edu.co,432432h,1
479,1,roberto,pruebas,12345,bogota,,23112879,ka@igc.edu.co,432432h,1
480,1,roberto,pruebas,12345,bogota,,23112879,ka@igc.edu.co,432432h,1
481,1,roberto,pruebas,12345,bogota,,23112879,ka@igc.edu.co,432432h,1
482,1,roberto,pruebas,12345,bogota,,23112879,ka@igc.edu.co,432432h,1
483,1,roberto,pruebas,12345,bogota,,23112879,ka@igc.edu.co,432432h,1
484,1,roberto,pruebas,12345,bogota,,23112879,ka@igc.edu.co,432432h,1